{
    "client": "Thunder Client",
    "collectionName": "Forms Communications API",
    "dateExported": "2023-02-23T15:08:58.543Z",
    "version": "1.1",
    "folders": [],
    "requests": [
        {
            "_id": "479afa9d-dc95-4e7e-9011-9ea3c7bce47c",
            "colId": "30eb7445-7edc-40af-99ac-ba76fef457cd",
            "containerId": "",
            "name": "Combine PDF",
            "url": "https://author-pXXXXX-eXXXXX.adobeaemcloud.com/adobe/forms/assembler/ddx/invoke",
            "method": "POST",
            "sortNum": 20000,
            "created": "2023-02-23T14:07:40.359Z",
            "modified": "2023-02-23T15:08:34.013Z",
            "headers": [],
            "params": [],
            "body": {
                "type": "formdata",
                "raw": "",
                "form": [],
                "files": [
                    {
                        "name": "ddx",
                        "value": "/Volumes/Data/SharedOnVM/Communications API/WKND/combine-pdfs.xml"
                    },
                    {
                        "name": "sourceDocument1",
                        "value": "/Volumes/Data/SharedOnVM/Communications API/WKND/wknd-surfing-document1.pdf"
                    },
                    {
                        "name": "sourceDocument2",
                        "value": "/Volumes/Data/SharedOnVM/Communications API/WKND/wknd-surfing-document2.pdf"
                    }
                ]
            },
            "tests": []
        },
        {
            "_id": "4fafcd34-67aa-4c39-b904-5c6e831c824d",
            "colId": "30eb7445-7edc-40af-99ac-ba76fef457cd",
            "containerId": "",
            "name": "Add Header Footer",
            "url": "https://author-pXXXXX-eXXXXX.adobeaemcloud.com/adobe/forms/assembler/ddx/invoke",
            "method": "POST",
            "sortNum": 30000,
            "created": "2023-02-23T14:20:19.166Z",
            "modified": "2023-02-23T15:08:53.632Z",
            "headers": [],
            "params": [],
            "body": {
                "type": "formdata",
                "raw": "",
                "form": [],
                "files": [
                    {
                        "name": "ddx",
                        "value": "/Volumes/Data/SharedOnVM/Communications API/WKND/header-footer-ddx.xml"
                    },
                    {
                        "name": "sourceDocument",
                        "value": "/Volumes/Data/SharedOnVM/Communications API/WKND/combined-pdfs.pdf"
                    }
                ]
            },
            "tests": []
        }
    ]
}
